Experiment,K_Value,Optimal_Value,Final_Columns,Iterations,Total_Time,Initial_Solution_Gen_Time,Column_Gen_Time
Exp_1,50,28008.546841509098,99,21,30.944799999999997,0.0,30.944799999999997
Exp_2,50,28008.546841509098,99,21,31.824200011825557,0.06760001182556152,31.756599999999995
